{
  "users": {
    "6283159451487@s.whatsapp.net": {
      "afkTime": -1,
      "afkReason": "",
      "isBanned": false
    },
    "6285697725326@s.whatsapp.net": {
      "afkTime": -1,
      "afkReason": "",
      "isBanned": false
    },
    "6281232090849@s.whatsapp.net": {
      "afkTime": -1,
      "afkReason": "",
      "isBanned": false
    },
    "6281809684723@s.whatsapp.net": {
      "afkTime": -1,
      "afkReason": "",
      "isBanned": false
    },
    "6287873471611@s.whatsapp.net": {
      "afkTime": -1,
      "afkReason": "",
      "isBanned": false
    },
    "62882006743678@s.whatsapp.net": {
      "afkTime": -1,
      "afkReason": "",
      "isBanned": false
    },
    "6283853018769@s.whatsapp.net": {
      "afkTime": -1,
      "afkReason": "",
      "isBanned": false
    },
    "6285602475309@s.whatsapp.net": {
      "afkTime": -1,
      "afkReason": "",
      "isBanned": false
    },
    "6283838030336@s.whatsapp.net": {
      "afkTime": -1,
      "afkReason": "",
      "isBanned": false
    },
    "601129290795@s.whatsapp.net": {
      "afkTime": -1,
      "afkReason": "",
      "isBanned": false
    },
    "62895801246090@s.whatsapp.net": {
      "afkTime": -1,
      "afkReason": "",
      "isBanned": false
    },
    "6289603199611@s.whatsapp.net": {
      "afkTime": -1,
      "afkReason": "",
      "isBanned": false
    },
    "6287849083475@s.whatsapp.net": {
      "afkTime": -1,
      "afkReason": "",
      "isBanned": false
    },
    "6285774886935@s.whatsapp.net": {
      "afkTime": -1,
      "afkReason": "",
      "isBanned": false
    },
    "6282280391231@s.whatsapp.net": {
      "afkTime": -1,
      "afkReason": "",
      "isBanned": false
    },
    "6285147241602@s.whatsapp.net": {
      "afkTime": -1,
      "afkReason": "",
      "isBanned": false
    },
    "6285809283524@s.whatsapp.net": {
      "afkTime": -1,
      "afkReason": "",
      "isBanned": false
    },
    "6285846922496@s.whatsapp.net": {
      "afkTime": -1,
      "afkReason": "",
      "isBanned": false
    },
    "6281225771967@s.whatsapp.net": {
      "afkTime": -1,
      "afkReason": "",
      "isBanned": false
    },
    "62882006661649@s.whatsapp.net": {
      "afkTime": -1,
      "afkReason": "",
      "isBanned": false
    },
    "601153234101@s.whatsapp.net": {
      "afkTime": -1,
      "afkReason": "",
      "isBanned": false
    },
    "6287758532867@s.whatsapp.net": {
      "afkTime": -1,
      "afkReason": "",
      "isBanned": false
    },
    "6287882463348@s.whatsapp.net": {
      "afkTime": -1,
      "afkReason": "",
      "isBanned": false
    },
    "628388093336@s.whatsapp.net": {
      "afkTime": -1,
      "afkReason": "",
      "isBanned": false
    },
    "62882005464730@s.whatsapp.net": {
      "afkTime": -1,
      "afkReason": "",
      "isBanned": false
    },
    "6288287088340@s.whatsapp.net": {
      "afkTime": -1,
      "afkReason": "",
      "isBanned": false
    },
    "6282132985424@s.whatsapp.net": {
      "afkTime": -1,
      "afkReason": "",
      "isBanned": false
    },
    "6289603412206@s.whatsapp.net": {
      "afkTime": -1,
      "afkReason": "",
      "isBanned": false
    },
    "6288286504352@s.whatsapp.net": {
      "afkTime": -1,
      "afkReason": "",
      "isBanned": false
    },
    "6282266227607@s.whatsapp.net": {
      "afkTime": -1,
      "afkReason": "",
      "isBanned": false
    },
    "6287863903233@s.whatsapp.net": {
      "afkTime": -1,
      "afkReason": "",
      "isBanned": false
    },
    "6288274286801@s.whatsapp.net": {
      "afkTime": -1,
      "afkReason": "",
      "isBanned": false
    },
    "60199665906@s.whatsapp.net": {
      "afkTime": -1,
      "afkReason": "",
      "isBanned": false
    },
    "62881012812450@s.whatsapp.net": {
      "afkTime": -1,
      "afkReason": "",
      "isBanned": false
    },
    "6281291092425@s.whatsapp.net": {
      "afkTime": -1,
      "afkReason": "",
      "isBanned": false
    },
    "6285692627104@s.whatsapp.net": {
      "afkTime": -1,
      "afkReason": "",
      "isBanned": false
    },
    "6282324695362@s.whatsapp.net": {
      "afkTime": -1,
      "afkReason": "",
      "isBanned": false
    },
    "6285921429661@s.whatsapp.net": {
      "afkTime": -1,
      "afkReason": "",
      "isBanned": false
    },
    "6285147613774@s.whatsapp.net": {
      "afkTime": -1,
      "afkReason": "",
      "isBanned": false
    },
    "6282331637086@s.whatsapp.net": {
      "afkTime": -1,
      "afkReason": "",
      "isBanned": false
    },
    "6282123169105@s.whatsapp.net": {
      "afkTime": -1,
      "afkReason": "",
      "isBanned": false
    },
    "6283869572473@s.whatsapp.net": {
      "afkTime": -1,
      "afkReason": "",
      "isBanned": false
    },
    "6283871802971@s.whatsapp.net": {
      "afkTime": -1,
      "afkReason": "",
      "isBanned": false
    },
    "6283177453964@s.whatsapp.net": {
      "afkTime": -1,
      "afkReason": "",
      "isBanned": false
    },
    "6283198627044@s.whatsapp.net": {
      "afkTime": -1,
      "afkReason": "",
      "isBanned": false
    },
    "6289507814988@s.whatsapp.net": {
      "afkTime": -1,
      "afkReason": "",
      "isBanned": false
    },
    "5516982299465@s.whatsapp.net": {
      "afkTime": -1,
      "afkReason": "",
      "isBanned": false
    },
    "6285935219889@s.whatsapp.net": {
      "afkTime": -1,
      "afkReason": "",
      "isBanned": false
    },
    "6285657328087@s.whatsapp.net": {
      "afkTime": -1,
      "afkReason": "",
      "isBanned": false
    },
    "6289517848185@s.whatsapp.net": {
      "afkTime": -1,
      "afkReason": "",
      "isBanned": false
    },
    "6282139776112@s.whatsapp.net": {
      "afkTime": -1,
      "afkReason": "",
      "isBanned": false
    },
    "6285147040445@s.whatsapp.net": {
      "afkTime": -1,
      "afkReason": "",
      "isBanned": false
    },
    "6285718378533@s.whatsapp.net": {
      "afkTime": -1,
      "afkReason": "",
      "isBanned": false
    },
    "6285821977809@s.whatsapp.net": {
      "afkTime": -1,
      "afkReason": "",
      "isBanned": false
    },
    "62895410609030@s.whatsapp.net": {
      "afkTime": -1,
      "afkReason": "",
      "isBanned": false
    },
    "6283130791281@s.whatsapp.net": {
      "afkTime": -1,
      "afkReason": "",
      "isBanned": false
    },
    "6287786705729@s.whatsapp.net": {
      "afkTime": -1,
      "afkReason": "",
      "isBanned": false
    },
    "6281215691442@s.whatsapp.net": {
      "afkTime": -1,
      "afkReason": "",
      "isBanned": false
    },
    "6282129894191@s.whatsapp.net": {
      "afkTime": -1,
      "afkReason": "",
      "isBanned": false
    },
    "6285393627834@s.whatsapp.net": {
      "afkTime": -1,
      "afkReason": "",
      "isBanned": false
    },
    "62882008813672@s.whatsapp.net": {
      "afkTime": -1,
      "afkReason": "",
      "isBanned": false
    },
    "6289685597456@s.whatsapp.net": {
      "afkTime": -1,
      "afkReason": "",
      "isBanned": false
    },
    "6283159537898@s.whatsapp.net": {
      "afkTime": -1,
      "afkReason": "",
      "isBanned": false
    },
    "6289625817963@s.whatsapp.net": {
      "afkTime": -1,
      "afkReason": "",
      "isBanned": false
    },
    "6281221824857@s.whatsapp.net": {
      "afkTime": -1,
      "afkReason": "",
      "isBanned": false
    },
    "6285843779148@s.whatsapp.net": {
      "afkTime": -1,
      "afkReason": "",
      "isBanned": false
    },
    "6285236190506@s.whatsapp.net": {
      "afkTime": -1,
      "afkReason": "",
      "isBanned": false
    },
    "6283837220536@s.whatsapp.net": {
      "afkTime": -1,
      "afkReason": "",
      "isBanned": false
    },
    "6281235471735@s.whatsapp.net": {
      "afkTime": -1,
      "afkReason": "",
      "isBanned": false
    },
    "6282324018826@s.whatsapp.net": {
      "afkTime": -1,
      "afkReason": "",
      "isBanned": false
    },
    "6282278864020@s.whatsapp.net": {
      "afkTime": -1,
      "afkReason": "",
      "isBanned": false
    },
    "6283110905284@s.whatsapp.net": {
      "afkTime": -1,
      "afkReason": "",
      "isBanned": false
    },
    "6282129909263@s.whatsapp.net": {
      "afkTime": -1,
      "afkReason": "",
      "isBanned": false
    },
    "6287729985936@s.whatsapp.net": {
      "afkTime": -1,
      "afkReason": "",
      "isBanned": false
    },
    "62881011883395@s.whatsapp.net": {
      "afkTime": -1,
      "afkReason": "",
      "isBanned": false
    },
    "6282154968763@s.whatsapp.net": {
      "afkTime": -1,
      "afkReason": "",
      "isBanned": false
    },
    "6283872894686@s.whatsapp.net": {
      "afkTime": -1,
      "afkReason": "",
      "isBanned": false
    },
    "6283846385529@s.whatsapp.net": {
      "afkTime": -1,
      "afkReason": "",
      "isBanned": false
    },
    "6285730527078@s.whatsapp.net": {
      "afkTime": -1,
      "afkReason": "",
      "isBanned": false
    },
    "6285716117135@s.whatsapp.net": {
      "afkTime": -1,
      "afkReason": "",
      "isBanned": false
    },
    "628814550572@s.whatsapp.net": {
      "afkTime": -1,
      "afkReason": "",
      "isBanned": false
    },
    "6282319691502@s.whatsapp.net": {
      "afkTime": -1,
      "afkReason": "",
      "isBanned": false
    },
    "6281371429274@s.whatsapp.net": {
      "afkTime": -1,
      "afkReason": "",
      "isBanned": false
    },
    "6285880313815@s.whatsapp.net": {
      "afkTime": -1,
      "afkReason": "",
      "isBanned": false
    },
    "6287757107572@s.whatsapp.net": {
      "afkTime": -1,
      "afkReason": "",
      "isBanned": false
    },
    "6285782866285@s.whatsapp.net": {
      "afkTime": -1,
      "afkReason": "",
      "isBanned": false
    },
    "120363418582467615@newsletter": {
      "afkTime": -1,
      "afkReason": "",
      "isBanned": false
    },
    "6288983111810@s.whatsapp.net": {
      "afkTime": -1,
      "afkReason": "",
      "isBanned": false
    },
    "6281373724410@s.whatsapp.net": {
      "afkTime": -1,
      "afkReason": "",
      "isBanned": false
    },
    "6285179845133@s.whatsapp.net": {
      "afkTime": -1,
      "afkReason": "",
      "isBanned": false
    },
    "6282219588131@s.whatsapp.net": {
      "afkTime": -1,
      "afkReason": "",
      "isBanned": false
    },
    "6281291221186@s.whatsapp.net": {
      "afkTime": -1,
      "afkReason": "",
      "isBanned": false
    },
    "6289654820201@s.whatsapp.net": {
      "afkTime": -1,
      "afkReason": "",
      "isBanned": false
    },
    "62895359474000@s.whatsapp.net": {
      "afkTime": -1,
      "afkReason": "",
      "isBanned": false
    },
    "6289681705507@s.whatsapp.net": {
      "afkTime": -1,
      "afkReason": "",
      "isBanned": false
    },
    "6285890160393@s.whatsapp.net": {
      "afkTime": -1,
      "afkReason": "",
      "isBanned": false
    },
    "6287782021070@s.whatsapp.net": {
      "afkTime": -1,
      "afkReason": "",
      "isBanned": false
    },
    "6287734685773@s.whatsapp.net": {
      "afkTime": -1,
      "afkReason": "",
      "isBanned": false
    },
    "6287873322844@s.whatsapp.net": {
      "afkTime": -1,
      "afkReason": "",
      "isBanned": false
    },
    "601133010680@s.whatsapp.net": {
      "afkTime": -1,
      "afkReason": "",
      "isBanned": false
    },
    "601129666474@s.whatsapp.net": {
      "afkTime": -1,
      "afkReason": "",
      "isBanned": false
    },
    "6285126706722@s.whatsapp.net": {
      "afkTime": -1,
      "afkReason": "",
      "isBanned": false
    },
    "6285601486768@s.whatsapp.net": {
      "afkTime": -1,
      "afkReason": "",
      "isBanned": false
    },
    "6282358755205@s.whatsapp.net": {
      "afkTime": -1,
      "afkReason": "",
      "isBanned": false
    },
    "628815258794@s.whatsapp.net": {
      "afkTime": -1,
      "afkReason": "",
      "isBanned": false
    },
    "6285767660338@s.whatsapp.net": {
      "afkTime": -1,
      "afkReason": "",
      "isBanned": false
    },
    "6285887414463@s.whatsapp.net": {
      "afkTime": -1,
      "afkReason": "",
      "isBanned": false
    },
    "6282160428519@s.whatsapp.net": {
      "afkTime": -1,
      "afkReason": "",
      "isBanned": false
    },
    "6285706400133@s.whatsapp.net": {
      "afkTime": -1,
      "afkReason": "",
      "isBanned": false
    },
    "6285789246245@s.whatsapp.net": {
      "afkTime": -1,
      "afkReason": "",
      "isBanned": false
    },
    "6281298626421@s.whatsapp.net": {
      "afkTime": -1,
      "afkReason": "",
      "isBanned": false
    },
    "6283804078729@s.whatsapp.net": {
      "afkTime": -1,
      "afkReason": "",
      "isBanned": false
    },
    "6285787344353@s.whatsapp.net": {
      "afkTime": -1,
      "afkReason": "",
      "isBanned": false
    },
    "6283192376157@s.whatsapp.net": {
      "afkTime": -1,
      "afkReason": "",
      "isBanned": false
    },
    "6287862757644@s.whatsapp.net": {
      "afkTime": -1,
      "afkReason": "",
      "isBanned": false
    },
    "6283847119810@s.whatsapp.net": {
      "afkTime": -1,
      "afkReason": "",
      "isBanned": false
    },
    "6282272921218@s.whatsapp.net": {
      "afkTime": -1,
      "afkReason": "",
      "isBanned": false
    },
    "62882007374182@s.whatsapp.net": {
      "afkTime": -1,
      "afkReason": "",
      "isBanned": false
    },
    "6282123730612@s.whatsapp.net": {
      "afkTime": -1,
      "afkReason": "",
      "isBanned": false
    }
  },
  "chats": {
    "6283159451487@s.whatsapp.net": {
      "autoai": false,
      "isBannedChat": false,
      "welcome": false
    },
    "6285697725326-1603469074@g.us": {
      "autoai": false,
      "isBannedChat": false,
      "welcome": false
    },
    "6285697725326@s.whatsapp.net": {
      "autoai": false,
      "isBannedChat": false,
      "welcome": false
    },
    "62856977253266-1626975227@g.us": {
      "autoai": false,
      "isBannedChat": false,
      "welcome": false
    },
    "120363401089072498@g.us": {
      "autoai": false,
      "isBannedChat": false,
      "welcome": false
    },
    "6288287088340@s.whatsapp.net": {
      "autoai": false,
      "isBannedChat": false,
      "welcome": false
    },
    "120363163757843348@g.us": {
      "autoai": false,
      "isBannedChat": false,
      "welcome": false
    },
    "120363167918526488@g.us": {
      "autoai": false,
      "isBannedChat": false,
      "welcome": false
    },
    "120363418582467615@newsletter": {
      "autoai": false,
      "isBannedChat": false,
      "welcome": false
    },
    "6281298626421@s.whatsapp.net": {
      "autoai": false,
      "isBannedChat": false,
      "welcome": false
    },
    "6283804078729@s.whatsapp.net": {
      "autoai": false,
      "isBannedChat": false,
      "welcome": false
    }
  },
  "database": {},
  "game": {
    "family100": []
  },
  "settings": {
    "6285697725326@s.whatsapp.net": {
      "autoread": false,
      "public": false,
      "onlygrub": false
    },
    "6281298626421@s.whatsapp.net": {
      "autoread": false,
      "public": false,
      "onlygrub": false
    }
  },
  "others": {},
  "sticker": {}
}